<?xml version="1.0" encoding="UTF-8"?>
<beans xmlns="http://www.springframework.org/schema/beans"
	xmlns:xsi="http://www.w3.org/2001/XMLSchema-instance"
	xmlns:security="http://www.springframework.org/schema/security"
	xsi:schemaLocation="http://www.springframework.org/schema/beans 
			    http://www.springframework.org/schema/beans/spring-beans.xsd
			    http://www.springframework.org/schema/security 
			    http://www.springframework.org/schema/security/spring-security-3.1.xsd">		
	
	<security:global-method-security secured-annotations="enabled"/>
	
	<security:http auto-config="true" use-expressions="true">
		<security:form-login 
			authentication-failure-url="/index.jsp"
			login-page="/index.html"
			default-target-url="/index.html"/>
		<security:intercept-url pattern="/index.html" access="isAnonymous()"/>
		<!-- 
		<security:intercept-url pattern="/**" access="isAnonymous()"/>
		 -->
	</security:http>
	
	<bean id="authenticationProvider" 
		  autowire="byType"
		  class="com.outline.org.app.security.AuthenticationProviderImpl"/>
	
	
	<security:authentication-manager>
		<security:authentication-provider ref="authenticationProvider"/>
		<security:authentication-provider>
			<security:user-service>
				<security:user name="jimmy" password="hendrix" authorities="ROLE_MEMBRO"/>
				<security:user name="admin" password="admin" authorities="ROLE_MEMBRO,ROLE_ADMIN"/>
			</security:user-service>
		</security:authentication-provider>
	</security:authentication-manager>

</beans>
