<?xml version="1.0" encoding="UTF-8"?>
<beans xmlns="http://www.springframework.org/schema/beans"
	xmlns:xsi="http://www.w3.org/2001/XMLSchema-instance"
	xmlns:context="http://www.springframework.org/schema/context"
	xmlns:jee="http://www.springframework.org/schema/jee"
	xmlns:tx="http://www.springframework.org/schema/tx"
	xmlns:aop="http://www.springframework.org/schema/aop"
	xmlns:util="http://www.springframework.org/schema/util"
	xsi:schemaLocation=
		"http://www.springframework.org/schema/jee http://www.springframework.org/schema/jee/spring-jee-3.1.xsd
		http://www.springframework.org/schema/aop http://www.springframework.org/schema/aop/spring-aop-3.0.xsd
		http://www.springframework.org/schema/beans http://www.springframework.org/schema/beans/spring-beans.xsd
		http://www.springframework.org/schema/tx http://www.springframework.org/schema/tx/spring-tx-3.1.xsd
		http://www.springframework.org/schema/context http://www.springframework.org/schema/context/spring-context-3.1.xsd
		http://www.springframework.org/schema/util http://www.springframework.org/schema/util/spring-util-3.1.xsd">

	<!-- <context:annotation-config />  -->
	<context:component-scan base-package="com.outline.org.app.dao" />
	<context:component-scan base-package="com.outline.org.app.facade" />
	<context:component-scan base-package="com.outline.org.app.service" />
	<context:component-scan base-package="com.outline.org.app.controle" />
	<context:component-scan base-package="com.outline.org.core.db" />
	<!-- <context:component-scan base-package="com.outline.org.app.security" /> -->
	
	<util:properties id="outlineProperties" location="classpath:/outline.properties" />
	
</beans>